{
  "pools": [
    {
      "rolls": 1,
      "entries": [
        {
          "type": "minecraft:item",
          "name": "minecraft:item_frame",
          "functions": [
            {
              "function": "minecraft:set_nbt",
              "tag": "{CustomModelData: 2220901, EntityTag:{Item:{id:\"minecraft:item_frame\",Count:1b,tag:{CustomModelData:2220901}},Tags:[\"ages_of_old.crucible\",\"ages_of_old.not_placed\"], Invulnerable:1b, Invisible:1b, Fixed:1b, Silent:1b, Facing:1b}}"
            },
            {
              "function": "minecraft:set_nbt",
              "tag": "{ctc: {id: 'crucible', from: 'hexuar:ages_of_old', traits: {'block': 1b}}}"
            },
            {
              "function": "minecraft:set_name",
              "name": {
                "translate": "item.ages_of_old.crucible",
                "color": "white",
                "italic": false
              }
            },
            {
              "function": "minecraft:set_lore",
              "lore": [
                {
                  "translate": "pack.ages_of_old",
                  "color": "blue",
                  "italic": true
                }
              ]
            }
          ]
        }
      ]
    }
  ]
}
