{
	"credit": "Made with Blockbench",
	"texture_size": [32, 32],
	"textures": {
		"1": "ages_of_old:block/crucible"
	},
	"elements": [
		{
			"from": [0, 0, 0],
			"to": [4.1, 3, 2.1],
			"faces": {
				"north": {"uv": [6, 6.5, 8, 8], "texture": "#1"},
				"east": {"uv": [5.5, 6.5, 6.5, 8], "texture": "#1"},
				"south": {"uv": [0, 6.5, 2, 8], "texture": "#1"},
				"west": {"uv": [0.5, 6.5, 1.5, 8], "texture": "#1"},
				"up": {"uv": [0, 14.5, 2, 15.5], "texture": "#1"},
				"down": {"uv": [8, 8, 10.5, 9.5], "texture": "#1"}
			}
		},
		{
			"from": [0, 0, 2],
			"to": [2.1, 3, 4.1],
			"faces": {
				"north": {"uv": [0, 0, 1, 1.5], "texture": "#1"},
				"east": {"uv": [0, 6.5, 1, 8], "texture": "#1"},
				"south": {"uv": [1.5, 6.5, 2.5, 8], "texture": "#1"},
				"west": {"uv": [1, 6.5, 2, 8], "texture": "#1"},
				"up": {"uv": [0, 14.5, 1, 15.5], "texture": "#1"},
				"down": {"uv": [8, 8, 9, 9], "texture": "#1"}
			}
		},
		{
			"from": [0, 0, 11.9],
			"to": [2.1, 3, 14],
			"faces": {
				"north": {"uv": [5.5, 6.5, 6.5, 8], "texture": "#1"},
				"east": {"uv": [0, 6.5, 1, 8], "texture": "#1"},
				"south": {"uv": [0, 0, 1, 1.5], "texture": "#1"},
				"west": {"uv": [6, 6.5, 7, 8], "texture": "#1"},
				"up": {"uv": [0, 14.5, 1, 15.5], "texture": "#1"},
				"down": {"uv": [8, 8, 9, 9], "texture": "#1"}
			}
		},
		{
			"from": [0, 0, 13.9],
			"to": [4.1, 3, 16],
			"faces": {
				"north": {"uv": [0, 6.5, 2, 8], "texture": "#1"},
				"east": {"uv": [1.5, 6.5, 2.5, 8], "texture": "#1"},
				"south": {"uv": [0, 6.5, 2, 8], "texture": "#1"},
				"west": {"uv": [6.5, 6.5, 7.5, 8], "texture": "#1"},
				"up": {"uv": [0, 14.5, 2, 15.5], "texture": "#1"},
				"down": {"uv": [8, 8, 10, 9], "texture": "#1"}
			}
		},
		{
			"from": [11.9, 0, 0],
			"to": [16, 3, 2.1],
			"faces": {
				"north": {"uv": [0, 6.5, 2, 8], "texture": "#1"},
				"east": {"uv": [6.5, 6.5, 7.5, 8], "texture": "#1"},
				"south": {"uv": [0, 6.5, 2, 8], "texture": "#1"},
				"west": {"uv": [0, 6.5, 1, 8], "texture": "#1"},
				"up": {"uv": [0, 14.5, 2, 15.5], "texture": "#1"},
				"down": {"uv": [8, 8, 10.5, 9.5], "texture": "#1"}
			}
		},
		{
			"from": [13.9, 0, 2],
			"to": [16, 3, 4.1],
			"faces": {
				"north": {"uv": [0, 0, 1, 1.5], "texture": "#1"},
				"east": {"uv": [6, 6.5, 7, 8], "texture": "#1"},
				"south": {"uv": [5.5, 6.5, 6.5, 8], "texture": "#1"},
				"west": {"uv": [7, 6.5, 8, 8], "texture": "#1"},
				"up": {"uv": [0, 14.5, 1, 15.5], "texture": "#1"},
				"down": {"uv": [8, 8, 9, 9], "texture": "#1"}
			}
		},
		{
			"from": [11.9, 0, 13.9],
			"to": [16, 3, 16],
			"faces": {
				"north": {"uv": [0, 6.5, 2, 8], "texture": "#1"},
				"east": {"uv": [0.5, 6.5, 1.5, 8], "texture": "#1"},
				"south": {"uv": [6, 6.5, 8, 8], "texture": "#1"},
				"west": {"uv": [5.5, 6.5, 6.5, 8], "texture": "#1"},
				"up": {"uv": [0, 14.5, 2, 15.5], "texture": "#1"},
				"down": {"uv": [8, 8, 10, 9], "texture": "#1"}
			}
		},
		{
			"from": [13.9, 0, 11.9],
			"to": [16, 3, 14],
			"faces": {
				"north": {"uv": [0, 6.5, 1, 8], "texture": "#1"},
				"east": {"uv": [1.5, 6.5, 2.5, 8], "texture": "#1"},
				"south": {"uv": [0, 0, 1, 1.5], "texture": "#1"},
				"west": {"uv": [7, 6.5, 8, 8], "texture": "#1"},
				"up": {"uv": [0, 14.5, 1, 15.5], "texture": "#1"},
				"down": {"uv": [8, 8, 9, 9], "texture": "#1"}
			}
		},
		{
			"from": [13, 3, 3],
			"to": [16, 16, 13],
			"faces": {
				"north": {"uv": [0, 0, 1.5, 6.5], "texture": "#1"},
				"east": {"uv": [1.5, 0, 6.5, 6.5], "texture": "#1"},
				"south": {"uv": [0, 0, 1.5, 6.5], "texture": "#1"},
				"west": {"uv": [1.5, 0, 6.5, 6.5], "texture": "#1"},
				"up": {"uv": [6.5, 9.5, 8, 14.5], "texture": "#1"},
				"down": {"uv": [15, 13.5, 15, 12], "texture": "#1"}
			}
		},
		{
			"from": [0, 3, 0],
			"to": [16, 16, 3],
			"faces": {
				"north": {"uv": [0, 0, 8, 6.5], "texture": "#1"},
				"east": {"uv": [6.5, 0, 8, 6.5], "texture": "#1"},
				"south": {"uv": [0, 0, 8, 6.5], "texture": "#1"},
				"west": {"uv": [0, 0, 1.5, 6.5], "texture": "#1"},
				"up": {"uv": [0, 8, 8, 9.5], "texture": "#1"},
				"down": {"uv": [10, 12, 13.5, 12.5], "texture": "#1"}
			}
		},
		{
			"from": [0, 3, 3],
			"to": [3, 16, 13],
			"faces": {
				"north": {"uv": [0, 0, 1.5, 6.5], "texture": "#1"},
				"east": {"uv": [1.5, 0, 6.5, 6.5], "texture": "#1"},
				"south": {"uv": [0, 0, 1.5, 6.5], "texture": "#1"},
				"west": {"uv": [1.5, 0, 6.5, 6.5], "texture": "#1"},
				"up": {"uv": [0, 9.5, 1.5, 14.5], "texture": "#1"},
				"down": {"uv": [13, 12, 12, 10.5], "texture": "#1"}
			}
		},
		{
			"from": [0, 3, 0],
			"to": [16, 3, 16],
			"faces": {
				"north": {"uv": [0, 0, 5, 0.5], "texture": "#1"},
				"east": {"uv": [0, 0, 5, 0.5], "texture": "#1"},
				"south": {"uv": [0, 0, 5, 0.5], "texture": "#1"},
				"west": {"uv": [1.5, 0, 6.5, 0.5], "texture": "#1"},
				"up": {"uv": [8, 0, 16, 8], "texture": "#1"},
				"down": {"uv": [8, 0, 16, 8], "texture": "#1"}
			}
		},
		{
			"from": [0, 5, 0],
			"to": [16, 5, 16],
			"faces": {
				"north": {"uv": [0, 0, 5, 0.5], "texture": "#1"},
				"east": {"uv": [0, 0, 5, 0.5], "texture": "#1"},
				"south": {"uv": [0, 0, 5, 0.5], "texture": "#1"},
				"west": {"uv": [1.5, 0, 6.5, 0.5], "texture": "#1"},
				"up": {"uv": [8, 0, 16, 8], "texture": "#1"},
				"down": {"uv": [8, 0, 16, 8], "texture": "#1"}
			}
		},
		{
			"from": [0, 3, 13],
			"to": [16, 16, 16],
			"faces": {
				"north": {"uv": [0, 0, 8, 6.5], "texture": "#1"},
				"east": {"uv": [0, 0, 1.5, 6.5], "texture": "#1"},
				"south": {"uv": [0, 0, 8, 6.5], "texture": "#1"},
				"west": {"uv": [6.5, 0, 8, 6.5], "texture": "#1"},
				"up": {"uv": [0, 14.5, 8, 16], "texture": "#1"},
				"down": {"uv": [10, 11, 13.5, 12], "texture": "#1"}
			}
		}
	],
	"display": {
		"thirdperson_righthand": {
			"rotation": [75, 45, 0],
			"translation": [0, 2.5, 0],
			"scale": [0.375, 0.375, 0.375]
		},
		"thirdperson_lefthand": {
			"rotation": [75, 45, 0],
			"translation": [0, 2.5, 0],
			"scale": [0.375, 0.375, 0.375]
		},
		"firstperson_righthand": {
			"rotation": [0, 45, 0],
			"scale": [0.4, 0.4, 0.4]
		},
		"firstperson_lefthand": {
			"rotation": [0, 45, 0],
			"scale": [0.4, 0.4, 0.4]
		},
		"ground": {
			"translation": [0, 3, 0],
			"scale": [0.25, 0.25, 0.25]
		},
		"gui": {
			"rotation": [30, 45, 0],
			"scale": [0.65, 0.65, 0.65]
		},
		"fixed": {
			"rotation": [90, 0, -180],
			"translation": [0, 0, -16],
			"scale": [2.03, 2.03, 2.03]
		}
	},
	"groups": [
		{
			"name": "crucible",
			"origin": [8, 8, 8],
			"color": 0,
			"children": [
				{
					"name": "feet",
					"origin": [0, 0, 0],
					"color": 0,
					"children": [0, 1, 2, 3, 4, 5, 6, 7]
				},
				8,
				9,
				10,
				11,
				12,
				13
			]
		}
	]
}