{
    "display": {
      "icon": {
        "item": "minecraft:wooden_axe",
        "nbt": "{CustomModelData:2220901}"
      },
      "title": {
        "text": "Chop away!"
      },
      "description": {
        "text": "Make a flint hatchet"
      },
      "frame": "task",
      "show_toast": true,
      "announce_to_chat": true,
      "hidden": false
    },
    "parent": "ages_of_old:storyline/string",
    "criteria": {
      "Get Hatchet": {
        "trigger": "minecraft:inventory_changed",
        "conditions": {
          "items": [
            {
              "nbt": "{ctc:{id:'flint_hatchet',from:'hexuar:ages_of_old'}}"
            }
          ]
        }
      }
    }
  }
  