{
    "display": {
      "icon": {
        "item": "minecraft:campfire"
      },
      "title": {
        "text": "Fire!"
      },
      "description": {
        "text": "Craft a campfire"
      },
      "frame": "task",
      "show_toast": true,
      "announce_to_chat": true,
      "hidden": false
    },
    "parent": "ages_of_old:storyline/flint",
    "criteria": {
      "Get Campfire": {
        "trigger": "minecraft:inventory_changed",
        "conditions": {
          "items": [
            {
              "items": [
                "minecraft:campfire"
              ]
            }
          ]
        }
      }
    }
  }
  