{
    "display": {
      "icon": {
        "item": "minecraft:item_frame",
        "nbt": "{CustomModelData:2220901}"
      },
      "title": {
        "text": "A smelting thingey"
      },
      "description": {
        "text": "Craft a crucible"
      },
      "frame": "task",
      "show_toast": true,
      "announce_to_chat": true,
      "hidden": false
    },
    "parent": "ages_of_old:storyline/chest",
    "criteria": {
      "Get Crucible": {
        "trigger": "minecraft:inventory_changed",
        "conditions": {
          "items": [
            {
              "nbt": "{ctc:{id:'crucible',from:'hexuar:ages_of_old'}}"
            }
          ]
        }
      }
    }
  }
  