{
  "display": {
    "icon": {
      "item": "minecraft:diamond"
    },
    "title": {
      "text": "DIAMONDS!"
    },
    "description": {
      "text": "Aquire diamonds"
    },
    "frame": "goal",
    "show_toast": true,
    "announce_to_chat": true,
    "hidden": false
  },
  "parent": "ages_of_old:storyline/iron_pickaxe",
  "criteria": {
    "Get raw iron": {
      "trigger": "minecraft:inventory_changed",
      "conditions": {
        "items": [
          {
            "items": [
              "minecraft:diamond"
            ]
          }
        ]
      }
    }
  },
  "rewards": {
    "recipes": [
      "minecraft:blast_furnace"
    ]
  }
}
