{
    "display": {
      "icon": {
        "item": "minecraft:furnace"
      },
      "title": {
        "text": "Now this is real high-tech"
      },
      "description": {
        "text": "Craft a furnace"
      },
      "frame": "task",
      "show_toast": true,
      "announce_to_chat": true,
      "hidden": false
    },
    "parent": "ages_of_old:storyline/iron_ingot",
    "criteria": {
      "Get furnace": {
        "trigger": "minecraft:inventory_changed",
        "conditions": {
          "items": [
            {
              "items": [
                "minecraft:furnace"
              ]
            }
          ]
        }
      }
    }
  }
  