{
    
    "display": {
        "title": {
            "text": "Ages of old"
        },
        "description": {
            "text": "Gneurshk!"
        },
        "icon": {
            "item": "minecraft:stone"
        },
        "frame": "task",
        "show_toast": false,
        "announce_to_chat": false,
        "hidden": false,
        "background": "minecraft:textures/gui/advancements/backgrounds/stone.png"
    },
    "criteria": {
        "Tick": {
            "trigger": "minecraft:tick"
        }
    },
    "rewards": {
        "recipes": [
            "ages_of_old:string_from_wool"
        ]
    }
}