{
  "display": {
    "icon": {
      "item": "minecraft:diamond_pickaxe",
      "nbt": "{CustomModelData:2220901}"
    },
    "title": {
      "text": "Steel Chopper"
    },
    "description": {
      "text": "Put your iron pickaxe in a blast furnace"
    },
    "frame": "task",
    "show_toast": true,
    "announce_to_chat": true,
    "hidden": false
  },
  "parent": "ages_of_old:storyline/blast_furnace",
  "criteria": {
    "Get raw iron": {
      "trigger": "minecraft:inventory_changed",
      "conditions": {
        "items": [
          {
            "nbt": "{ctc:{id:'steel_pickaxe',from:'hexuar:ages_of_old'}}"
          }
        ]
      }
    }
  }
}
