{
  "pools": [
    {
      "rolls": 1,
      "entries": [
        {
          "type": "minecraft:item",
          "name": "minecraft:diamond_shovel",
          "functions": [
            {
              "function": "minecraft:set_nbt",
              "tag": "{CustomModelData: 2220901}"
            },
            {
              "function": "minecraft:set_nbt",
              "tag": "{ctc: {id: 'steel_shovel', from: 'hexuar:ages_of_old', traits: {'item': 1b, 'tool/shovel':1b}}}"
            },
            {
              "function": "minecraft:set_name",
              "name": {
                "translate": "item.ages_of_old.steel_shovel",
                "color": "white",
                "italic": false
              }
            },
            {
              "function": "minecraft:set_lore",
              "lore": [
                {
                  "translate": "pack.ages_of_old",
                  "color": "blue",
                  "italic": true
                }
              ]
            }
          ]
        }
      ]
    }
  ]
}
