{
	"credit": "Made with Blockbench",
	"textures": {
		"0": "ages_of_old:block/wool/white_wool",
		"1": "ages_of_old:block/oak_log",
		"particle": "ages_of_old:block/wool/white_wool"
	},
	"elements": [
		{
			"from": [7.25, -2.21721, -10],
			"to": [8.75, 21.78279, 26],
			"rotation": {"angle": -22.5, "axis": "z", "origin": [8, 22.41818, 8]},
			"faces": {
				"north": {"uv": [0.5, 0, 1.5, 16], "texture": "#0"},
				"east": {"uv": [0, 0, 16, 16], "texture": "#0"},
				"south": {"uv": [0.5, 0, 1.5, 16], "texture": "#0"},
				"west": {"uv": [0, 0, 16, 16], "texture": "#0"},
				"up": {"uv": [1.5, 16, 0.5, 0], "texture": "#0"},
				"down": {"uv": [1.5, 0, 0.5, 16], "texture": "#0"}
			}
		},
		{
			"from": [7, 19.625, -11.5],
			"to": [9, 21.625, 27.5],
			"rotation": {"angle": 0, "axis": "z", "origin": [8, 22.41818, 8]},
			"faces": {
				"north": {"uv": [8, 10, 10, 12], "texture": "#1"},
				"east": {"uv": [0, 2, 15, 4], "texture": "#1"},
				"south": {"uv": [8, 10, 10, 12], "texture": "#1"},
				"west": {"uv": [0, 2, 15, 4], "texture": "#1"},
				"up": {"uv": [2, 16, 0, 0], "texture": "#1"},
				"down": {"uv": [2, 0, 0, 16], "texture": "#1"}
			}
		},
		{
			"from": [7.075, 21.625, -10],
			"to": [8.925, 22.125, 26],
			"rotation": {"angle": 0, "axis": "z", "origin": [8, 22.41818, 8]},
			"faces": {
				"north": {"uv": [8, 10, 10, 10.5], "texture": "#0"},
				"east": {"uv": [0, 0, 16, 0.5], "texture": "#0"},
				"south": {"uv": [8, 10, 10, 10.5], "texture": "#0"},
				"west": {"uv": [0, 0, 16, 0.5], "texture": "#0"},
				"up": {"uv": [2, 16, 0, 0], "texture": "#0"},
				"down": {"uv": [2, 0, 0, 16], "texture": "#0"}
			}
		},
		{
			"from": [7.25, 0, 7.25],
			"to": [8.75, 21.375, 8.75],
			"rotation": {"angle": 0, "axis": "z", "origin": [8.12417, 22.49081, 2]},
			"faces": {
				"north": {"uv": [0, 0, 2, 16], "texture": "#1"},
				"east": {"uv": [0, 0, 2, 16], "texture": "#1"},
				"south": {"uv": [0, 0, 2, 16], "texture": "#1"},
				"west": {"uv": [0, 0, 2, 16], "texture": "#1"},
				"up": {"uv": [2, 2, 0, 0], "texture": "#1"},
				"down": {"uv": [2, 0, 0, 2], "texture": "#1"}
			}
		},
		{
			"from": [7.25, -2.21721, -10],
			"to": [8.75, 21.78279, 26],
			"rotation": {"angle": 22.5, "axis": "z", "origin": [8, 22.41818, 8]},
			"faces": {
				"north": {"uv": [0.5, 0, 1.5, 16], "texture": "#0"},
				"east": {"uv": [0, 0, 16, 16], "texture": "#0"},
				"south": {"uv": [0.5, 0, 1.5, 16], "texture": "#0"},
				"west": {"uv": [0, 0, 16, 16], "texture": "#0"},
				"up": {"uv": [1.5, 16, 0.5, 0], "texture": "#0"},
				"down": {"uv": [2, 0, 0, 16], "texture": "#0"}
			}
		}
	],
	"display": {
		"thirdperson_righthand": {
			"scale": [0.2, 0.2, 0.2]
		},
		"thirdperson_lefthand": {
			"scale": [0.2, 0.2, 0.2]
		},
		"firstperson_righthand": {
			"scale": [0.2, 0.2, 0.2]
		},
		"firstperson_lefthand": {
			"scale": [0.2, 0.2, 0.2]
		},
		"ground": {
			"scale": [0.2, 0.2, 0.2]
		},
		"gui": {
			"rotation": [0, 45, 0],
			"translation": [0, -2, 0],
			"scale": [0.4, 0.4, 0.4]
		},
		"head": {
			"translation": [0, -12.75, 0],
			"scale": [4, 4, 4]
		},
		"fixed": {
			"rotation": [0, 9, 0],
			"translation": [0, -3, 0]
		}
	}
}