{
    "__comment": "Made with TheDestruc7i0n's advancements generator: https://advancements.thedestruc7i0n.ca",
    "display": {
        "title": {
            "text": "Chop away!"
        },
        "description": {
            "text": "Make a flint hatchet"
        },
        "icon": {
            "item": "minecraft:wooden_axe",
            "nbt": "{CustomModelData:167294}"
        },
        "frame": "task",
        "show_toast": true,
        "announce_to_chat": true,
        "hidden": false
    },
    "criteria": {
        "Get Hatchet": {
            "trigger": "minecraft:inventory_changed",
            "conditions": {
                "items": [
                    {
                        "item": "minecraft:wooden_axe",
                        "nbt": "{CustomModelData:167294}"
                    }
                ]
            }
        }
    },
    "parent": "ages_of_old:storyline/string"
}