{
    "__comment": "Made with TheDestruc7i0n's advancements generator: https://advancements.thedestruc7i0n.ca",
    "display": {
        "title": {
            "text": "Why mud?"
        },
        "description": {
            "text": "Bake clay balls on your campfire"
        },
        "icon": {
            "item": "minecraft:brick"
        },
        "frame": "task",
        "show_toast": true,
        "announce_to_chat": true,
        "hidden": false
    },
    "criteria": {
        "Get Brick": {
            "trigger": "minecraft:inventory_changed",
            "conditions": {
                "items": [
                    {
                        "item": "minecraft:brick"
                    }
                ]
            }
        }
    },
    "rewards": {
        "recipes": [
            "minecraft:crafting_table"
        ]
    },
    "parent": "ages_of_old:storyline/campfire"
}