{
    "display": {
      "icon": {
        "item": "minecraft:bundle"
      },
      "title": {
        "text": "Something to store my stuff"
      },
      "description": {
        "text": "Craft a bundle"
      },
      "frame": "task",
      "show_toast": true,
      "announce_to_chat": true,
      "hidden": false
    },
    "parent": "ages_of_old:storyline/crafting_table",
    "criteria": {
      "Get Bundle": {
        "trigger": "minecraft:inventory_changed",
        "conditions": {
          "items": [
            {
              "items": [
                "minecraft:bundle"
              ]
            }
          ]
        }
      }
    }
  }
  