{
    "__comment": "Made with TheDestruc7i0n's advancements generator: https://advancements.thedestruc7i0n.ca",
    "display": {
        "title": {
            "text": "Cobblestone!"
        },
        "description": {
            "text": "Craft cobblestone"
        },
        "icon": {
            "item": "minecraft:cobblestone"
        },
        "frame": "goal",
        "show_toast": true,
        "announce_to_chat": true,
        "hidden": false
    },
    "criteria": {
        "Get cobblestone": {
            "trigger": "minecraft:inventory_changed",
            "conditions": {
                "items": [
                    {
                        "item": "minecraft:cobblestone"
                    }
                ]
            }
        }
    },
    "rewards": {
        "recipes": [
            "minecraft:stone_sword",
            "minecraft:stone_pickaxe",
            "minecraft:stone_axe",
            "minecraft:stone_hoe",
            "minecraft:stone_shovel",
            "minecraft:furnace",
            "minecraft:cobblestone_wall",
            "minecraft:cobblestone_slab"
        ]
    },
    "parent": "ages_of_old:storyline/cobblestone_slab"
}