{
    "__comment": "Made with TheDestruc7i0n's advancements generator: https://advancements.thedestruc7i0n.ca",
    "display": {
        "title": {
            "text": "Cobblestone?"
        },
        "description": {
            "text": "Craft a cobblestone slab"
        },
        "icon": {
            "item": "minecraft:cobblestone_slab"
        },
        "frame": "task",
        "show_toast": true,
        "announce_to_chat": true,
        "hidden": false
    },
    "criteria": {
        "Get cobblestone slab": {
            "trigger": "minecraft:inventory_changed",
            "conditions": {
                "items": [
                    {
                        "item": "minecraft:cobblestone_slab"
                    }
                ]
            }
        }
    },
    "rewards": {
        "recipes": [
            "ages_of_old:cobblestone"
        ]
    },
    "parent": "ages_of_old:storyline/stone_button"
}