{
    "display": {
      "icon": {
        "item": "minecraft:copper_ingot"
      },
      "title": {
        "text": "Copper!"
      },
      "description": {
        "text": "Smelt raw copper in a crucible with a campfire underneath"
      },
      "frame": "goal",
      "show_toast": true,
      "announce_to_chat": true,
      "hidden": false
    },
    "parent": "ages_of_old:storyline/raw_copper",
    "criteria": {
      "Get Copper Ingot": {
        "trigger": "minecraft:inventory_changed",
        "conditions": {
          "items": [
            {
              "items": [
                "minecraft:copper_ingot"
              ]
            }
          ]
        }
      }
    }
  }
  