{
  "display": {
    "icon": {
      "item": "minecraft:crafting_table"
    },
    "title": {
      "text": "Now this is high-tech"
    },
    "description": {
      "text": "Get a crafting table"
    },
    "frame": "goal",
    "show_toast": true,
    "announce_to_chat": true,
    "hidden": false
  },
  "parent": "ages_of_old:storyline/brick",
  "criteria": {
    "Get Crafting table": {
      "trigger": "minecraft:inventory_changed",
      "conditions": {
        "items": [
          {
            "items": [
              "minecraft:crafting_table"
            ]
          }
        ]
      }
    }
  },
  "rewards": {
    "recipes": [
      "ages_of_old:bundle"
    ]
  }
}
