{
    "__comment": "Made with TheDestruc7i0n's advancements generator: https://advancements.thedestruc7i0n.ca",
    "display": {
        "title": {
            "text": "Fire?"
        },
        "description": {
            "text": "Craft a fire plough"
        },
        "icon": {
            "item": "minecraft:flint_and_steel",
            "nbt": "{CustomModelData:167294}"
        },
        "frame": "task",
        "show_toast": true,
        "announce_to_chat": true,
        "hidden": false
    },
    "criteria": {
        "Get Fire Plough": {
            "trigger": "minecraft:inventory_changed",
            "conditions": {
                "items": [
                    {
                        "item": "minecraft:flint_and_steel",
                        "nbt": "{CustomModelData:167294}"
                    }
                ]
            }
        }
    },
    "rewards": {
        "recipes": [
            "ages_of_old:campfire"
        ]
    },
    "parent": "ages_of_old:storyline/axe"
}