{
    "__comment": "Made with TheDestruc7i0n's advancements generator: https://advancements.thedestruc7i0n.ca",
    "display": {
        "title": {
            "text": "Use metal!"
        },
        "description": {
            "text": "It's underground"
        },
        "icon": {
            "item": "minecraft:iron_ore"
        },
        "frame": "task",
        "show_toast": true,
        "announce_to_chat": true,
        "hidden": false
    },
    "criteria": {
        "Get iron ore": {
            "trigger": "minecraft:inventory_changed",
            "conditions": {
                "items": [
                    {
                        "item": "minecraft:iron_ore"
                    }
                ]
            }
        }
    },
    "parent": "ages_of_old:storyline/cobblestone"
}