{
    "__comment": "Made with TheDestruc7i0n's advancements generator: https://advancements.thedestruc7i0n.ca",
    "display": {
        "title": {
            "text": "Chicken nuggets?"
        },
        "description": {
            "text": "Smelt iron ore on a campfire"
        },
        "icon": {
            "item": "minecraft:iron_nugget"
        },
        "frame": "task",
        "show_toast": true,
        "announce_to_chat": true,
        "hidden": false
    },
    "criteria": {
        "Get iron nugget": {
            "trigger": "minecraft:inventory_changed",
            "conditions": {
                "items": [
                    {
                        "item": "minecraft:iron_nugget"
                    }
                ]
            }
        }
    },
    "parent": "ages_of_old:storyline/iron_ore"
}