{
    "__comment": "Made with TheDestruc7i0n's advancements generator: https://advancements.thedestruc7i0n.ca",
    "display": {
        "title": {
            "text": "Chicken ingots?"
        },
        "description": {
            "text": "Craft an iron ingot or smelt ore in a furnace to get your hands on this fella"
        },
        "icon": {
            "item": "minecraft:iron_ingot"
        },
        "frame": "task",
        "show_toast": true,
        "announce_to_chat": true,
        "hidden": false
    },
    "criteria": {
        "Get iron ingot": {
            "trigger": "minecraft:inventory_changed",
            "conditions": {
                "items": [
                    {
                        "item": "minecraft:iron_ingot"
                    }
                ]
            }
        }
    },
    "rewards": {
        "recipes": [
            "minecraft:furnace"
        ]
    },
    "parent": "ages_of_old:storyline/iron_nugget"
}