{
  "display": {
    "icon": {
      "item": "minecraft:netherite_ingot"
    },
    "title": {
      "text": "Metal of gods"
    },
    "description": {
      "text": "Get your hands on some netherite"
    },
    "frame": "goal",
    "show_toast": true,
    "announce_to_chat": true,
    "hidden": false
  },
  "parent": "ages_of_old:storyline/steel_pickaxe",
  "criteria": {
    "Get raw iron": {
      "trigger": "minecraft:inventory_changed",
      "conditions": {
        "items": [
          {
            "items": [
              "minecraft:netherite_ingot"
            ]
          }
        ]
      }
    }
  }
}
