{
  "display": {
    "icon": {
      "item": "minecraft:copper_ore"
    },
    "title": {
      "text": "Use metal!"
    },
    "description": {
      "text": "It's underground"
    },
    "frame": "task",
    "show_toast": true,
    "announce_to_chat": true,
    "hidden": false
  },
  "parent": "ages_of_old:storyline/stone_pickaxe",
  "criteria": {
    "Get raw copper": {
      "trigger": "minecraft:inventory_changed",
      "conditions": {
        "items": [
          {
            "items": [
              "minecraft:raw_copper"
            ]
          }
        ]
      }
    }
  }
}
