{
    "__comment": "Made with TheDestruc7i0n's advancements generator: https://advancements.thedestruc7i0n.ca",
    "display": {
        "title": {
            "text": "Ages of old"
        },
        "description": {
            "text": "What has happened to my minecraft?"
        },
        "icon": {
            "item": "minecraft:stone"
        },
        "frame": "task",
        "show_toast": true,
        "announce_to_chat": true,
        "hidden": false,
        "background": "minecraft:textures/gui/advancements/backgrounds/stone.png"
    },
    "criteria": {
        "Tick": {
            "trigger": "minecraft:tick"
        }
    },
    "rewards": {
        "recipes": [
            "ages_of_old:string_from_wool"
        ]
    }
}