{
    "__comment": "Made with TheDestruc7i0n's advancements generator: https://advancements.thedestruc7i0n.ca",
    "display": {
        "title": {
            "text": "Where is my cobblestone?"
        },
        "description": {
            "text": "Mine stone for pebbles"
        },
        "icon": {
            "item": "minecraft:wooden_pickaxe",
            "nbt": "{CustomModelData:278301}"
        },
        "frame": "task",
        "show_toast": true,
        "announce_to_chat": true,
        "hidden": false
    },
    "criteria": {
        "Get Pebbles": {
            "trigger": "minecraft:inventory_changed",
            "conditions": {
                "items": [
                    {
                        "item": "minecraft:stone_button"
                    }
                ]
            }
        }
    },
    "parent": "ages_of_old:storyline/crafting_table"
}