{
    "display": {
      "icon": {
        "item": "minecraft:stone_pickaxe"
      },
      "title": {
        "text": "Stone Chopper"
      },
      "description": {
        "text": "Craft a stone pickaxe"
      },
      "frame": "task",
      "show_toast": true,
      "announce_to_chat": true,
      "hidden": false
    },
    "parent": "ages_of_old:storyline/cobblestone",
    "criteria": {
      "Get Stone Pickaxe": {
        "trigger": "minecraft:inventory_changed",
        "conditions": {
          "items": [
            {
              "items": [
                "minecraft:stone_pickaxe"
              ]
            }
          ]
        }
      }
    }
  }
  