{
    "__comment": "Made with TheDestruc7i0n's advancements generator: https://advancements.thedestruc7i0n.ca",
    "display": {
        "title": {
            "text": "Wall(-E)"
        },
        "description": {
            "text": "Make a stone wall"
        },
        "icon": {
            "item": "minecraft:cobblestone_wall"
        },
        "frame": "task",
        "show_toast": true,
        "announce_to_chat": true,
        "hidden": false
    },
    "criteria": {
        "Get cobblestone wall": {
            "trigger": "minecraft:inventory_changed",
            "conditions": {
                "items": [
                    {
                        "item": "minecraft:cobblestone_wall"
                    }
                ]
            }
        }
    },
    "parent": "ages_of_old:storyline/stone_button"
}