{
    "__comment": "Made with TheDestruc7i0n's advancements generator: https://advancements.thedestruc7i0n.ca",
    "display": {
        "title": {
            "text": "Stringy"
        },
        "description": {
            "text": "Get string by either mining grass or killing sheep and crafting their wool into string"
        },
        "icon": {
            "item": "minecraft:string"
        },
        "frame": "task",
        "show_toast": true,
        "announce_to_chat": true,
        "hidden": false
    },
    "criteria": {
        "Get String": {
            "trigger": "minecraft:inventory_changed",
            "conditions": {
                "items": [
                    {
                        "item": "minecraft:string"
                    }
                ]
            }
        }
    },
    "parent": "ages_of_old:storyline/root"
}