{
  "display": {
    "icon": {
      "item": "minecraft:armor_stand",
      "nbt": "{CustomModelData:2220901}"
    },
    "title": {
      "text": "A place to live"
    },
    "description": {
      "text": "Craft a tent"
    },
    "frame": "task",
    "show_toast": true,
    "announce_to_chat": true,
    "hidden": false
  },
  "parent": "ages_of_old:storyline/bed",
  "criteria": {
    "Get Tent": {
      "trigger": "minecraft:inventory_changed",
      "conditions": {
        "items": [
          {
            "nbt": "{ctc:{id:'tent',from:'hexuar:ages_of_old'}}"
          }
        ]
      }
    }
  }
}
