{
    "__comment": "Made with TheDestruc7i0n's advancements generator: https://advancements.thedestruc7i0n.ca",
    "display": {
        "title": {
            "text": "Yummy, grass!"
        },
        "description": {
            "text": "Plant some seeds"
        },
        "icon": {
            "item": "minecraft:wheat"
        },
        "frame": "task",
        "show_toast": true,
        "announce_to_chat": true,
        "hidden": false
    },
    "criteria": {
        "Plant seeds": {
            "trigger": "minecraft:placed_block",
            "conditions": {
                "block": "minecraft:wheat"
            }
        }
    },
    "parent": "ages_of_old:storyline/crafting_table"
}