{
	"parent": "item/handheld",
	"textures": {
		"layer0": "item/armor_stand"
	},
	"overrides": [
		{ "predicate": { "custom_model_data":2220901}, "model": "ages_of_old:tent/white"},
		{ "predicate": { "custom_model_data":2220902}, "model": "ages_of_old:tent/black"},
		{ "predicate": { "custom_model_data":2220903}, "model": "ages_of_old:tent/blue"},
		{ "predicate": { "custom_model_data":2220904}, "model": "ages_of_old:tent/brown"},
		{ "predicate": { "custom_model_data":2220905}, "model": "ages_of_old:tent/cyan"},
		{ "predicate": { "custom_model_data":2220906}, "model": "ages_of_old:tent/gray"},
		{ "predicate": { "custom_model_data":2220907}, "model": "ages_of_old:tent/green"},
		{ "predicate": { "custom_model_data":2220908}, "model": "ages_of_old:tent/light_blue"},
		{ "predicate": { "custom_model_data":2220909}, "model": "ages_of_old:tent/light_gray"},
		{ "predicate": { "custom_model_data":2220910}, "model": "ages_of_old:tent/lime"},
		{ "predicate": { "custom_model_data":2220911}, "model": "ages_of_old:tent/magenta"},
		{ "predicate": { "custom_model_data":2220912}, "model": "ages_of_old:tent/orange"},
		{ "predicate": { "custom_model_data":2220913}, "model": "ages_of_old:tent/pink"},
		{ "predicate": { "custom_model_data":2220914}, "model": "ages_of_old:tent/purple"},
		{ "predicate": { "custom_model_data":2220915}, "model": "ages_of_old:tent/red"},
		{ "predicate": { "custom_model_data":2220916}, "model": "ages_of_old:tent/yellow"}
	]
}